title,url
How To Reset Samsung Washer In 5 Steps,https://www.partselect.com/blog/how-to-reset-samsung-washer-in-5-steps/
How To Clean A Bosch Dishwasher,https://www.partselect.com/blog/how-to-clean-a-bosch-dishwasher/
Why Your Dehumidifier Is Blowing Hot Air,https://www.partselect.com/blog/why-your-dehumidifier-is-blowing-hot-air/
Refrigerator Compressor Getting Hot,https://www.partselect.com/blog/refrigerator-compressor-getting-hot/
Why Dishwasher Stops Mid Cycle,https://www.partselect.com/blog/why-dishwasher-stops-mid-cycle/
How To Reset A Frigidaire Refrigerator,https://www.partselect.com/blog/how-to-reset-a-frigidaire-refrigerator/
How To Use Power Cool On A Samsung Fridge,https://www.partselect.com/blog/how-to-use-power-cool-on-a-samsung-fridge/
What Does Lg Washer Cl Code Mean,https://www.partselect.com/blog/what-does-lg-washer-cl-code-mean/
How To Clean And Replace Oven Racks,https://www.partselect.com/blog/how-to-clean-and-replace-oven-racks/
How To Reset A Ge Profile Ice Maker,https://www.partselect.com/blog/how-to-reset-a-ge-profile-ice-maker/
How To Fix Whirlpool Washer That Wont Lock,https://www.partselect.com/blog/how-to-fix-whirlpool-washer-that-wont-lock/
How To Fix Frigidaire Dishwasher Not Draining,https://www.partselect.com/blog/how-to-fix-frigidaire-dishwasher-not-draining/
How To Fix Lg Washer Ie Code,https://www.partselect.com/blog/how-to-fix-lg-washer-ie-code/
How To Get The Most Out Of Dehumidifier,https://www.partselect.com/blog/how-to-get-the-most-out-of-dehumidifier/
How To Unclog Washer Drain,https://www.partselect.com/blog/how-to-unclog-washer-drain/
Dehumidifier Maintenance Checklist,https://www.partselect.com/blog/dehumidifier-maintenance-checklist/
Bosch Ice Maker Not Working,https://www.partselect.com/blog/bosch-ice-maker-not-working/
How To Clean Whirlpool Dishwasher Filter,https://www.partselect.com/blog/how-to-clean-whirlpool-dishwasher-filter/
Refrigerator Tripping Breaker,https://www.partselect.com/blog/refrigerator-tripping-breaker/
How To Clean And Maintain Your Air Conditioner,https://www.partselect.com/blog/how-to-clean-and-maintain-your-air-conditioner/
How To Fix No Pressure In A Pressure Washer,https://www.partselect.com/blog/how-to-fix-no-pressure-in-a-pressure-washer/
Bosch Dishwasher E22 Error Code,https://www.partselect.com/blog/bosch-dishwasher-e22-error-code/
What Does Samsung Dishwasher Blinking Heavy Mean,https://www.partselect.com/blog/what-does-samsung-dishwasher-blinking-heavy-mean/
Bosch Dishwasher E15 Error Code,https://www.partselect.com/blog/bosch-dishwasher-e15-error-code/
Lg Oven F9 Error Code,https://www.partselect.com/blog/lg-oven-f9-error-code/
How To Remove Dishwasher,https://www.partselect.com/blog/how-to-remove-dishwasher/
How To Get Rid Of Air Conditioner Smells,https://www.partselect.com/blog/how-to-get-rid-of-air-conditioner-smells/
Ge Dishwasher Leaking From Bottom,https://www.partselect.com/blog/ge-dishwasher-leaking-from-bottom/
How To Fix A Torn Refrigerator Door Seal,https://www.partselect.com/blog/how-to-fix-a-torn-refrigerator-door-seal/
Meaning Of Symbols On A Samsung Dryer,https://www.partselect.com/blog/meaning-of-symbols-on-a-Samsung-dryer/
Fix Maytag Dryer Start Button,https://www.partselect.com/blog/fix-maytag-dryer-start-button/
Maytag Washer Lf Error Code,https://www.partselect.com/blog/maytag-washer-lf-error-code/
Whirlpool Washer Not Spinning Guide,https://www.partselect.com/blog/whirlpool-washer-not-spinning-guide/
How To Replace Lg Refrigerator Water Filter,https://www.partselect.com/blog/how-to-replace-lg-refrigerator-water-filter/
Why Is My Whirlpool Washer Stuck On Sensing,https://www.partselect.com/blog/why-is-my-whirlpool-washer-stuck-on-sensing/
Lg Washer Error Code Le,https://www.partselect.com/blog/LG-washer-error-code-LE/
Samsung Dryer Not Heating,https://www.partselect.com/blog/samsung-dryer-not-heating/
Lg Dishwasher Ae Error Code,https://www.partselect.com/blog/lg-dishwasher-ae-error-code/
How To Reset Samsung Oven,https://www.partselect.com/blog/how-to-reset-samsung-oven/
Bosch Dishwasher Not Starting And Red Light,https://www.partselect.com/blog/bosch-dishwasher-not-starting-and-red-light/
Ge Air Conditioner 88 Error Code,https://www.partselect.com/blog/ge-air-conditioner-88-error-code/
Frigidaire Electrolux Dryer E64 Error Code,https://www.partselect.com/blog/frigidaire-electrolux-dryer-e64-error-code/
How To Fix A Ge Dryer That Wont Start,https://www.partselect.com/blog/how-to-fix-a-ge-dryer-that-wont-start/
Repair Or Replace Microwave,https://www.partselect.com/blog/repair-or-replace-microwave/
Fix Igniter Problems In A Gas Oven,https://www.partselect.com/blog/fix-igniter-problems-in-a-gas-oven/
Samsung Ice Maker Not Working,https://www.partselect.com/blog/samsung-ice-maker-not-working/
Amana Washer Not Spinning Guide,https://www.partselect.com/blog/amana-washer-not-spinning-guide/
How To Install Gas Dryer,https://www.partselect.com/blog/how-to-install-gas-dryer/
Samsung Fridge Error Code 41,https://www.partselect.com/blog/samsung-fridge-error-code-41/
How To Fix Frigidaire Freezer Not Freezing,https://www.partselect.com/blog/how-to-fix-frigidaire-freezer-not-freezing/
Ge Refrigerator Tf Tc Code,https://www.partselect.com/blog/ge-refrigerator-tf-tc-code/
Maytag Whirlpool Loc Error Code,https://www.partselect.com/blog/maytag-whirlpool-loc-error-code/
How To Fix Condensation In A Dryer,https://www.partselect.com/blog/how-to-fix-condensation-in-a-dryer/
Samsung Washer Ub Ur Error Code,https://www.partselect.com/blog/samsung-washer-ub-ur-error-code/
Repair Or Replace Refrigerator Shelf,https://www.partselect.com/blog/repair-or-replace-refrigerator-shelf/
How To Put A Lock On A Refrigerator,https://www.partselect.com/blog/how-to-put-a-lock-on-a-refrigerator/
Lg Washer Ue Error Code,https://www.partselect.com/blog/LG-washer-ue-error-code/
Samsung Washer Sc 5C Error Code,https://www.partselect.com/blog/samsung-washer-sc-5c-error-code/
How To Fix A Sparking Microwave,https://www.partselect.com/blog/how-to-fix-a-sparking-microwave/
Refrigerator Humming Noise,https://www.partselect.com/blog/refrigerator-humming-noise/
Range Cords On Dryers,https://www.partselect.com/blog/range-cords-on-dryers/
Washing Machine Cleaning Guide,https://www.partselect.com/blog/washing-machine-cleaning-guide/
Whirlpool Dishwasher F2 Error Code,https://www.partselect.com/blog/whirlpool-dishwasher-F2-error-code/
How To Reset A Whirlpool Dishwasher Guide,https://www.partselect.com/blog/how-to-reset-a-whirlpool-dishwasher-guide/
Kenmore Oven F10 Error Code,https://www.partselect.com/blog/kenmore-oven-f10-error-code/
Differences Between 3 Prong And 4 Prong Dryer Outlets,https://www.partselect.com/blog/differences-between-3-prong-and-4-prong-dryer-outlets/
Whirlpool Range F3 Error Code,https://www.partselect.com/blog/whirlpool-range-f3-error-code/
Samsung Reset Water Filter Light,https://www.partselect.com/blog/samsung-reset-water-filter-light/
Lg Washer Oe Error Code,https://www.partselect.com/blog/lg-washer-oe-error-code/
Fix Broken Refrigerator Ice Maker,https://www.partselect.com/blog/fix-broken-refrigerator-ice-maker/
Washing Machine Hoses Universal,https://www.partselect.com/blog/washing-machine-hoses-universal/
Samsung Washer 4C Error Code,https://www.partselect.com/blog/samsung-washer-4c-error-code/
How To Reset Ge Dishwasher,https://www.partselect.com/blog/how-to-reset-ge-dishwasher/
Dryer Tearing Clothes,https://www.partselect.com/blog/dryer-tearing-clothes/
How To Unlock Whirlpool Washer,https://www.partselect.com/blog/how-to-unlock-whirlpool-washer/
Whirlpool Washer F20 Error Code,https://www.partselect.com/blog/whirlpool-washer-f20-error-code/
Frigidaire Dehumidifier Ec Code,https://www.partselect.com/blog/frigidaire-dehumidifier-ec-code/
How To Reset A Whirlpool Washer Guide,https://www.partselect.com/blog/how-to-reset-a-whirlpool-washer-guide/
Ge Dishwasher No Power No Lights,https://www.partselect.com/blog/ge-dishwasher-no-power-no-lights/
Dryer Thermal Fuse Guide,https://www.partselect.com/blog/dryer-thermal-fuse-guide/
Guide To Replacing A Dryer Belt,https://www.partselect.com/blog/guide-to-replacing-a-dryer-belt/
Samsung Refrigerator 22E Error Code,https://www.partselect.com/blog/samsung-refrigerator-22E-error-code/
Frigidaire Refrigerator Sy Ef Error Code,https://www.partselect.com/blog/frigidaire-refrigerator-sy-ef-error-code/
Ge Microwave Pf Code,https://www.partselect.com/blog/ge-microwave-pf-code/
Samsung Range C F2 Error Code,https://www.partselect.com/blog/samsung-range-c-f2-error-code/
Whirlpool Washer 5D Sd Error Code,https://www.partselect.com/blog/whirlpool-washer-5d-sd-error-code/
Frigidaire Refrigerator H1 Hi Error Code,https://www.partselect.com/blog/frigidaire-refrigerator-h1-hi-error-code/
Bosch Dishwasher E24 Error Code,https://www.partselect.com/blog/bosch-dishwasher-e24-error-code/
Whirlpool Washer F21 Error Code,https://www.partselect.com/blog/whirlpool-washer-f21-error-code/
Lg Dryer Error Code D80 D90 D95,https://www.partselect.com/blog/lg-dryer-error-code-d80-d90-d95/
Whirlpool Range F2 Error,https://www.partselect.com/blog/whirlpool-range-f2-error/
Maytag Washer F5 Error Code,https://www.partselect.com/blog/maytag-washer-f5-error-code/
Steve Ash Retirement,https://www.partselect.com/blog/steve-ash-retirement/
Selling Your Home,https://www.partselect.com/blog/selling-your-home/
Cleaning Flat Cooktop,https://www.partselect.com/blog/cleaning-flat-cooktop/
Clean Microwave,https://www.partselect.com/blog/clean-microwave/
Fridge Energy Saving Tips,https://www.partselect.com/blog/fridge-energy-saving-tips/
Vacuum Troubleshooting,https://www.partselect.com/blog/vacuum-troubleshooting/
Troubleshooting Oven Heating Issues,https://www.partselect.com/blog/troubleshooting-oven-heating-issues/
Dryer Efficiency Tips,https://www.partselect.com/blog/dryer-efficiency-tips/
Alternative Heating Sources,https://www.partselect.com/blog/alternative-heating-sources/
Outdoor Winter Safety,https://www.partselect.com/blog/outdoor-winter-safety/
Ultimate Laundry Guide,https://www.partselect.com/blog/ultimate-laundry-guide/
Christmas Tree Safety,https://www.partselect.com/blog/christmas-tree-safety/
Diy Holiday Gift Guide,https://www.partselect.com/blog/diy-holiday-gift-guide/
Reheating Leftovers,https://www.partselect.com/blog/reheating-leftovers/
Refrigerator Not Cooling,https://www.partselect.com/blog/refrigerator-not-cooling/
Proper Fridge Food Storage,https://www.partselect.com/blog/proper-fridge-food-storage/
Storm Prep List,https://www.partselect.com/blog/storm-prep-list/
Winter Yard Prep,https://www.partselect.com/blog/winter-yard-prep/
Carving Pumpkins With Power Tools,https://www.partselect.com/blog/carving-pumpkins-with-power-tools/
Dryer Vent Cleaning,https://www.partselect.com/blog/dryer-vent-cleaning/
Dirty Air Filter,https://www.partselect.com/blog/dirty-air-filter/
How To Asses Curbside Appliances,https://www.partselect.com/blog/how-to-asses-curbside-appliances/
Winter Furnace Preparation,https://www.partselect.com/blog/winter-furnace-preparation/
Testing With Multimeter,https://www.partselect.com/blog/testing-with-multimeter/
Clean Chest Freezer,https://www.partselect.com/blog/clean-chest-freezer/
Give Your Range Facelift,https://www.partselect.com/blog/give-your-range-facelift/
Generator Maintenance,https://www.partselect.com/blog/generator-maintenance/
Clean And Repair Grout,https://www.partselect.com/blog/clean-and-repair-grout/
Diy Portable Backyard Fire Pit,https://www.partselect.com/blog/diy-portable-backyard-fire-pit/
Sharpen Mower Blades,https://www.partselect.com/blog/sharpen-mower-blades/
Smoking Lawn Mower Troubleshooting,https://www.partselect.com/blog/smoking-lawn-mower-troubleshooting/
Ac Comparison Guide,https://www.partselect.com/blog/AC-comparison-guide/
Propane Safety Tips,https://www.partselect.com/blog/propane-safety-tips/
How To Unlock Range,https://www.partselect.com/blog/how-to-unlock-range/
Summer Lawn Care Tips,https://www.partselect.com/blog/summer-lawn-care-tips/
Diy Essential Hand Tools,https://www.partselect.com/blog/diy-essential-hand-tools/
Dryer Baffle Repair,https://www.partselect.com/blog/dryer-baffle-repair/
How To Paint Your Appliance,https://www.partselect.com/blog/how-to-paint-your-appliance/
Cleaning A Smelly Fridge,https://www.partselect.com/blog/cleaning-a-smelly-fridge/
Raised Garden Bed,https://www.partselect.com/blog/raised-garden-bed/
Lawn Tractor Maintenance,https://www.partselect.com/blog/lawn-tractor-maintenance/
Cleaning Top Load Washer,https://www.partselect.com/blog/cleaning-top-load-washer/
Trimmer Maintenance Guide,https://www.partselect.com/blog/trimmer-maintenance-guide/
Ice Maker Troubleshooting,https://www.partselect.com/blog/ice-maker-troubleshooting/
Condenser Coil Cleaning,https://www.partselect.com/blog/condenser-coil-cleaning/
Leaky Faucet Repairs,https://www.partselect.com/blog/leaky-faucet-repairs/
How To Clean Your Coffee Maker,https://www.partselect.com/blog/how-to-clean-your-coffee-maker/
How To Change Your Water Filter,https://www.partselect.com/blog/how-to-change-your-water-filter/
How To Clean Your Blender,https://www.partselect.com/blog/how-to-clean-your-blender/
How To Load Your Dishwasher,https://www.partselect.com/blog/how-to-load-your-dishwasher/
How To Clean Your Microwave,https://www.partselect.com/blog/how-to-clean-your-microwave/
Preparing Your Fridge For A Gathering,https://www.partselect.com/blog/preparing-your-fridge-for-a-gathering/
Washer Drum Fire Pit,https://www.partselect.com/blog/washer-drum-fire-pit/
How To Clean Gutters,https://www.partselect.com/blog/how-to-clean-gutters/
Why Wont My Leaf Blower Start,https://www.partselect.com/blog/why-wont-my-leaf-blower-start/
How To Clean Your Electric Dryer,https://www.partselect.com/blog/how-to-clean-your-electric-dryer/
Air Conditioner Efficiency Tips,https://www.partselect.com/blog/air-conditioner-efficiency-tips/
How To Clean A Chainsaw,https://www.partselect.com/blog/how-to-clean-a-chainsaw/
Remove Items From Front Load Washer,https://www.partselect.com/blog/remove-items-from-front-load-washer/
Six Reasons Why Lawnmower Wont Start,https://www.partselect.com/blog/six-reasons-why-lawnmower-wont-start/
How To Fix Fridge That Is Too Warm,https://www.partselect.com/blog/how-to-fix-fridge-that-is-too-warm/
Fix Dishwasher That Wont Start,https://www.partselect.com/blog/fix-dishwasher-that-wont-start/
Fix A Range Oven Not Heating,https://www.partselect.com/blog/fix-a-range-oven-not-heating/
Fridge Frost Buildup Troubleshoot,https://www.partselect.com/blog/fridge-frost-buildup-troubleshoot/
Diy Pest Control,https://www.partselect.com/blog/diy-pest-control/
How To Test Igniter And Safety Valve,https://www.partselect.com/blog/how-to-test-igniter-and-safety-valve/
How To Maintain Lawn And Mower,https://www.partselect.com/blog/how-to-maintain-lawn-and-mower/
Home Disinfecting Guide,https://www.partselect.com/blog/home-disinfecting-guide/
Top 5 Power Tools,https://www.partselect.com/blog/top-5-power-tools/
How To Clean A Front Load Washer,https://www.partselect.com/blog/how-to-clean-a-front-load-washer/
Avoid Disasters In The Laundry Room,https://www.partselect.com/blog/avoid-disasters-in-the-laundry-room/
Microwave Hacks For Daily Life,https://www.partselect.com/blog/microwave-hacks-for-daily-life/
Dishwasher Stopping Mid Cycle,https://www.partselect.com/blog/dishwasher-stopping-mid-cycle/
Diy How To Make A Cutting Board,https://www.partselect.com/blog/diy-how-to-make-a-cutting-board/
5 Appliance Myths Busted,https://www.partselect.com/blog/5-appliance-myths-busted/
How To Care For Ceramic Stove Top,https://www.partselect.com/blog/how-to-care-for-ceramic-stove-top/
How To Calibrate An Oven,https://www.partselect.com/blog/how-to-calibrate-an-oven/
Fix Broken Microwave Exhaust Fan,https://www.partselect.com/blog/fix-broken-microwave-exhaust-fan/
Fix Your Shaking Washer,https://www.partselect.com/blog/fix-your-shaking-washer/
10 Quick Maintenance Tips,https://www.partselect.com/blog/10-quick-maintenance-tips/
Fix Noisy Dishwasher,https://www.partselect.com/blog/fix-noisy-dishwasher/
How To Clean Exercise Equipment,https://www.partselect.com/blog/how-to-clean-exercise-equipment/
Holiday Stain Removal Guide,https://www.partselect.com/blog/holiday-stain-removal-guide/
Avoid Holiday Disasters,https://www.partselect.com/blog/avoid-holiday-disasters/
Power Outage Food Safety,https://www.partselect.com/blog/power-outage-food-safety/
Dishwasher Safe Items,https://www.partselect.com/blog/dishwasher-safe-items/
Why Is My Fridge Noisy,https://www.partselect.com/blog/why-is-my-fridge-noisy/
Laundry Room Cheat Sheet,https://www.partselect.com/blog/laundry-room-cheat-sheet/
Fridge Freezing Food,https://www.partselect.com/blog/fridge-freezing-food/
Camping With Dogs,https://www.partselect.com/blog/camping-with-dogs/
Catch And Release Fishing With Care,https://www.partselect.com/blog/catch-and-release-fishing-with-care/
Grow Moss In Your Garden,https://www.partselect.com/blog/grow-moss-in-your-garden/
Which Craft Beers To Pair With Bbq,https://www.partselect.com/blog/which-craft-beers-to-pair-with-bbq/
Choosing The Right Fly Rod And Reel,https://www.partselect.com/blog/choosing-the-right-fly-rod-and-reel/
Best Apps For Travelers,https://www.partselect.com/blog/best-apps-for-travelers/
Get Fit For Hiking Season,https://www.partselect.com/blog/get-fit-for-hiking-season/
Everything You Need To Decorate A Cake,https://www.partselect.com/blog/everything-you-need-to-decorate-a-cake/
Grilling Ribs To Perfection,https://www.partselect.com/blog/grilling-ribs-to-perfection/
Duct Tape Hacks,https://www.partselect.com/blog/duct-tape-hacks/
Jackfruit Guide,https://www.partselect.com/blog/jackfruit-guide/
How Art Therapy Works,https://www.partselect.com/blog/how-art-therapy-works/
Setting Up A Nursery,https://www.partselect.com/blog/setting-up-a-nursery/
Protect Your Home From Burglars,https://www.partselect.com/blog/protect-your-home-from-burglars/
Pollinator Friendly Plants,https://www.partselect.com/blog/pollinator-friendly-plants/
Guide To Coffee Roasts And Drinks,https://www.partselect.com/blog/guide-to-coffee-roasts-and-drinks/
How To Open A Bottle Of Bubbly,https://www.partselect.com/blog/how-to-open-a-bottle-of-bubbly/
Getting Back Into Sports,https://www.partselect.com/blog/getting-back-into-sports/
Make Your Own Potted Pond,https://www.partselect.com/blog/make-your-own-potted-pond/
Staying Dry While Backpacking,https://www.partselect.com/blog/staying-dry-while-backpacking/
Homemade Coffee Creamer Recipes,https://www.partselect.com/blog/homemade-coffee-creamer-recipes/
Space Heaters Types And Safety Tips,https://www.partselect.com/blog/space-heaters-types-and-safety-tips/
Best Butternut Squash Recipes,https://www.partselect.com/blog/best-butternut-squash-recipes/
How To Brine A Turkey,https://www.partselect.com/blog/how-to-brine-a-turkey/
Wok Guide For Beginners,https://www.partselect.com/blog/wok-guide-for-beginners/
Setting Up A Cheese Platter,https://www.partselect.com/blog/setting-up-a-cheese-platter/
Quick Exercises For Busy People,https://www.partselect.com/blog/quick-exercises-for-busy-people/
Keep Spiders Out Of The House,https://www.partselect.com/blog/keep-spiders-out-of-the-house/
How To Read Clothing Laundry Tags,https://www.partselect.com/blog/how-to-read-clothing-laundry-tags/
Hosting Guide For Setting The Table,https://www.partselect.com/blog/hosting-guide-for-setting-the-table/
Feng Shui Your Kitchen,https://www.partselect.com/blog/feng-shui-your-kitchen/
Benefits Of Community Supported Agriculture,https://www.partselect.com/blog/benefits-of-community-supported-agriculture/
Find Your Perfect Yoga Practice,https://www.partselect.com/blog/find-your-perfect-yoga-practice/
The Basics Of Budgeting,https://www.partselect.com/blog/the-basics-of-budgeting/
